{"door0": {"neighbors": [], "wall": [], "area": 1.5688132038699236, "thickness": 0.25, "volume": 4.70643961160977}, "room0": {"neighbors": [], "wall": [], "area": 0.07648997847938332, "thickness": 0.25, "volume": 0.22946993543814997}}