{"room5": {"neighbors": ["room3", "room2", "room1", "room0"], "wall": [2.977659321680267, 1.0955763457436944, 2.696222577776228, 8.998246329171318], "area": 15.472871550966817, "thickness": 0.25, "volume": 46.41861465290045}, "room4": {"neighbors": ["room2", "room1", "room0"], "wall": [2.3095456077938987, 2.0, 5.40271722702753], "area": 5.82539830362732, "thickness": 0.25, "volume": 17.476194910881958}, "room3": {"neighbors": ["room2", "room0"], "wall": [2.346283685593378, 5.717220488048735], "area": 7.558762536514053, "thickness": 0.25, "volume": 22.67628760954216}, "room2": {"neighbors": ["room1", "room0"], "wall": [1.0, 0.9000621977306548], "area": 3.7158120864436666, "thickness": 0.25, "volume": 11.147436259331}, "room1": {"neighbors": ["room0"], "wall": [5.4082761492047995], "area": 7.989624400882524, "thickness": 0.25, "volume": 23.968873202647572}}