{"room4": {"neighbors": ["room2", "room1", "room0"], "wall": [2.9776575105480343, 1.0955756212908012, 2.6962233043852306], "area": 15.472851393873448, "thickness": 0.25, "volume": 46.418554181620344}, "room3": {"neighbors": ["room1", "room0"], "wall": [2.309544154575893, 2.0], "area": 5.825389295701141, "thickness": 0.25, "volume": 17.476167887103422}, "room2": {"neighbors": ["room1"], "wall": [2.346282958984375], "area": 7.558755775377727, "thickness": 0.25, "volume": 22.676267326133182}, "room1": {"neighbors": ["room0"], "wall": [1.0], "area": 3.715810935712179, "thickness": 0.25, "volume": 11.147432807136537}, "room0": {"neighbors": [], "wall": [], "area": 7.989626554018199, "thickness": 0.25, "volume": 23.968879662054597}}