{"room4": {"neighbors": ["room1", "room0"], "wall": [2.0, 7.388171241396949], "area": 5.476318517027369, "thickness": 0.25, "volume": 16.428955551082108}, "room3": {"neighbors": ["room2", "room1", "room0"], "wall": [2.0, 0.0, 7.388888767787388], "area": 7.871402114156254, "thickness": 0.25, "volume": 23.614206342468762}, "room2": {"neighbors": ["room1", "room0"], "wall": [2.5048839024135043, 10.01341538202195], "area": 14.687130761426376, "thickness": 0.25, "volume": 44.06139228427913}, "room1": {"neighbors": ["room0"], "wall": [4.568215143112909], "area": 6.360632033985473, "thickness": 0.25, "volume": 19.081896101956417}}