{"room4": {"neighbors": ["room2", "room1", "room0"], "wall": [2.977659321680267, 1.0955763457436944, 2.696222577776228], "area": 15.472871550966817, "thickness": 0.25, "volume": 46.41861465290045}, "room3": {"neighbors": ["room1", "room0"], "wall": [2.3095456077938987, 2.0], "area": 5.82539830362732, "thickness": 0.25, "volume": 17.476194910881958}, "room2": {"neighbors": ["room1"], "wall": [2.346283685593378], "area": 7.558762536514053, "thickness": 0.25, "volume": 22.67628760954216}, "room1": {"neighbors": ["room0"], "wall": [1.0], "area": 3.7158120864436666, "thickness": 0.25, "volume": 11.147436259331}, "room0": {"neighbors": [], "wall": [], "area": 7.989624400882524, "thickness": 0.25, "volume": 23.968873202647572}}