{"room5": {"neighbors": ["room3", "room2", "room1", "room0"], "wall": [2.977658235000927, 1.0955756212908012, 2.696223667689732, 8.998233250209264], "area": 15.47284387015896, "thickness": 0.25, "volume": 46.418531610476876}, "room4": {"neighbors": ["room3", "room2", "room1", "room0"], "wall": [1.2912090539224776, 2.309546334402902, 2.0114615692229227, 4.107665289015997], "area": 5.825397121429578, "thickness": 0.25, "volume": 17.476191364288734}, "room3": {"neighbors": ["room2", "room0"], "wall": [2.346283685593378, 8.703741164434524], "area": 7.558761941581192, "thickness": 0.25, "volume": 22.676285824743577}, "room2": {"neighbors": ["room1", "room0"], "wall": [1.2110628303505193, 6.6547292073567705], "area": 3.7158120864436666, "thickness": 0.25, "volume": 11.147436259331}, "room1": {"neighbors": ["room0"], "wall": [11.336617606026786], "area": 7.989627630586036, "thickness": 0.25, "volume": 23.96888289175811}}